{"cameraMode":{"drawMode":0,"name":"Shaded","section":"Shading Mode"},"sceneLighting":true,"audioPlay":false,"sceneViewState":{"showFog":true,"showMaterialUpdate":false,"showSkybox":true,"showFlares":true,"showImageEffects":true,"showParticleSystems":true},"in2DMode":false,"pivot":{"x":25.854595184326173,"y":13.35111141204834,"z":-14.12917709350586},"rotation":{"x":-0.08546783775091171,"y":-0.17953255772590638,"z":0.015658969059586526,"w":-0.9799089431762695},"size":31.398494720458986,"orthographic":false}