{"cameraMode":{"drawMode":0,"name":"Shaded","section":"Shading Mode"},"sceneLighting":true,"audioPlay":false,"sceneViewState":{"showFog":true,"showMaterialUpdate":false,"showSkybox":true,"showFlares":true,"showImageEffects":true,"showParticleSystems":true},"in2DMode":false,"pivot":{"x":0.13883543014526368,"y":-0.4562389850616455,"z":1.9738154411315919},"rotation":{"x":0.14058040082454682,"y":-0.2965433895587921,"z":0.044180676341056827,"w":0.9435828924179077},"size":10.475645065307618,"orthographic":false}